{
  "shell-version": ["3.38","40","41","42","43", "44"],
  "uuid": "hidetopbar@mathieu.bidon.ca",
  "name": "Hide Top Bar",
  "settings-schema": "org.gnome.shell.extensions.hidetopbar",
  "description": "Hides the top bar, except in overview. However, there is an option to show the panel whenever the mouse pointer approaches the edge of the screen. And if \"intellihide\" is enabled, the panel only hides when a window takes the space.\n\n- Press backspace to remove keyboard shortcut.\n- Log off and on again when there is an error after upgrading.",
  "url": "https://gitlab.gnome.org/tuxor1337/hidetopbar"
}
